INSERT INTO job_user ( seq, id, password, name, is_admin, created_at, updated_at )
VALUES
  ( 1, 'bmark0@cbsnews.com', '1234', 'Bamby', TRUE, '2022-04-24', '2022-05-05' ),
  ( 2, 'barndt1@com.com', '1234', 'Bernardina', TRUE, '2021-07-06', '2022-04-09' ),
  ( 3, 'mbaert2@apache.org', '1234', 'Marlon', TRUE, '2021-10-14', '2021-12-12' ),
  ( 4, 'kkill3@cmu.edu', '1234', 'Kania', TRUE, '2021-06-28', '2022-01-28' ),
  ( 5, 'kwintringham4@samsung.com', '1234', 'Keri', TRUE, '2021-07-01', '2021-11-14' ),
  ( 6, 'barnett5@deviantart.com', '1234', 'Bondy', TRUE, '2021-12-04', '2022-02-19' ),
  ( 7, 'mkissock6@uol.com.br', '1234', 'Marijn', TRUE, '2021-05-22', '2021-06-29' ),
  ( 8, 'ageorgelin7@paypal.com', '1234', 'Adele', TRUE, '2021-10-29', '2021-09-25' ),
  ( 9, 'pbougourd8@icq.com', '1234', 'Prescott', TRUE, '2022-01-08', '2022-01-26' ),
  ( 10, 'smougeot9@java.com', '1234', 'Susan', TRUE, '2022-05-14', '2022-03-15' ),
  ( 11, 'rvillea@webeden.co.uk', '1234', 'Rees', TRUE, '2021-08-10', '2022-02-25' ),
  ( 12, 'cfildesb@tinypic.com', '1234', 'Carmine', TRUE, '2022-01-24', '2021-10-03' ),
  ( 13, 'cpersehousec@etsy.com', '1234', 'Cal', TRUE, '2022-04-22', '2021-11-29' ),
  ( 14, 'lholttomd@comsenz.com', '1234', 'Lissie', TRUE, '2021-06-01', '2022-04-26' ),
  ( 15, 'cosbistone@discovery.com', '1234', 'Carline', TRUE, '2022-04-06', '2022-04-16' ),
  ( 16, 'laikenf@mayoclinic.com', '1234', 'Lesli', TRUE, '2021-11-01', '2021-06-12' ),
  ( 17, 'bspuffardg@discovery.com', '1234', 'Bessie', TRUE, '2021-06-26', '2021-07-06' ),
  ( 18, 'efendth@fc2.com', '1234', 'Etienne', TRUE, '2022-04-17', '2021-06-03' ),
  ( 19, 'eaizlewoodi@360.cn', '1234', 'Eli', TRUE, '2021-12-28', '2021-11-23' ),
  ( 20, 'bbeelj@cocolog-nifty.com', '1234', 'Brnaba', TRUE, '2022-05-12', '2021-10-08' ),
  ( 21, 'lbrabink@netlog.com', '1234', 'Lucila', TRUE, '2022-05-11', '2021-07-05' ),
  ( 22, 'bpriestnalll@last.fm', '1234', 'Bent', TRUE, '2021-09-03', '2021-10-11' ),
  ( 23, 'leccersleym@ezinearticles.com', '1234', 'Libbi', TRUE, '2022-04-23', '2022-04-08' ),
  ( 24, 'cwoffindenn@qq.com', '1234', 'Cy', TRUE, '2021-06-26', '2021-07-26' ),
  ( 25, 'dlabono@wired.com', '1234', 'Dinnie', TRUE, '2022-04-07', '2022-03-31' ),
  ( 26, 'jhowiep@sciencedirect.com', '1234', 'Justis', TRUE, '2021-07-25', '2022-04-03' ),
  ( 27, 'lbythewayq@europa.eu', '1234', 'Leshia', TRUE, '2022-02-22', '2022-02-15' ),
  ( 28, 'nmayzer@nytimes.com', '1234', 'Nicolas', TRUE, '2021-11-03', '2021-05-31' ),
  ( 29, 'eclementss@webeden.co.uk', '1234', 'Ester', TRUE, '2021-07-06', '2021-06-04' ),
  ( 30, 'vdawkinst@bloglines.com', '1234', 'Vivyan', TRUE, '2021-06-10', '2021-08-25' );

INSERT INTO job_group ( seq, name, created_at, last_update, ended_at )
VALUES
  ( 1, 'Drive Shack Inc.', '2021-12-31', '2021-10-14', '2027-03-18' ),
  ( 2, 'Real Goods Solar, Inc.', '2021-10-21', '2021-07-10', '2026-04-09' ),
  ( 3, 'Virtus Total Return Fund Inc.', '2021-06-22', '2021-11-24', '2026-06-08' ),
  ( 4, 'Ingles Markets, Incorporated', '2022-01-02', '2021-10-16', '2027-05-02' ),
  ( 5, 'Advent/Claymore Enhanced Growth & Income Fund', '2021-10-10', '2022-04-13', '2026-10-01' ),
  ( 6, 'Tortoise MLP Fund, Inc.', '2022-02-14', '2021-08-29', '2027-04-16' ),
  ( 7, 'MGIC Investment Corporation', '2021-11-12', '2021-12-29', '2026-09-18' ),
  ( 8, 'Fortive Corporation', '2021-12-19', '2022-04-13', '2026-07-21' ),
  ( 9, 'Public Storage', '2021-12-21', '2021-12-13', '2025-08-06' ),
  ( 10, 'Yum! Brands, Inc.', '2021-09-29', '2021-08-07', '2026-07-26' ),
  ( 11, 'Public Storage', '2022-04-15', '2021-09-21', '2024-11-25' ),
  ( 12, 'PowerShares 1-30 Laddered Treasury Portfolio', '2021-12-11', '2021-07-04', '2025-07-31' ),
  ( 13, 'VictoryShares US Small Cap High Div Volatility Wtd ETF', '2021-10-25', '2021-07-12', '2025-02-09' ),
  ( 14, 'BalckRock Taxable Municipal Bond Trust', '2022-04-10', '2021-08-15', '2025-03-26' ),
  ( 15, 'BeiGene, Ltd.', '2021-08-04', '2021-12-15', '2026-08-01' ),
  ( 16, 'SEACOR Holdings, Inc.', '2022-01-23', '2021-10-23', '2025-01-30' ),
  ( 17, 'WageWorks, Inc.', '2021-07-30', '2022-03-06', '2027-01-31' ),
  ( 18, 'Lifevantage Corporation', '2021-11-16', '2021-05-26', '2025-07-25' ),
  ( 19, 'Motif Bio plc', '2022-03-01', '2021-12-01', '2025-11-07' ),
  ( 20, 'MSA Safety Incorporporated', '2021-09-24', '2021-08-23', '2024-06-18' ),
  ( 21, 'Liberty Global plc', '2022-02-14', '2021-06-17', '2026-10-04' ),
  ( 22, 'Sensata Technologies Holding N.V.', '2021-08-14', '2021-06-12', '2025-01-02' ),
  ( 23, 'ZAIS Group Holdings, Inc.', '2021-11-03', '2022-05-14', '2025-02-08' ),
  ( 24, 'Ominto, Inc.', '2022-01-06', '2022-04-18', '2024-12-13' ),
  ( 25, 'NV5 Global, Inc.', '2021-06-19', '2022-01-11', '2026-08-10' ),
  ( 26, 'ProAssurance Corporation', '2022-04-26', '2022-05-15', '2025-09-03' ),
  ( 27, 'Avenue Income Credit Strategies Fund', '2021-07-01', '2022-05-06', '2026-01-09' ),
  ( 28, 'Entergy Mississippi, Inc.', '2021-11-02', '2021-08-29', '2027-03-11' ),
  ( 29, 'New York Mortgage Trust, Inc.', '2022-01-19', '2021-09-14', '2024-11-07' ),
  ( 30, 'Social Reality, Inc.', '2021-12-10', '2022-03-26', '2024-09-05' );

INSERT INTO group_user ( user_seq, group_seq )
VALUES
  ( 6, 26 ),
  ( 7, 7 ),
  ( 28, 28 ),
  ( 30, 28 ),
  ( 21, 3 ),
  ( 9, 11 ),
  ( 4, 13 ),
  ( 1, 17 ),
  ( 3, 2 ),
  ( 9, 8 ),
  ( 3, 22 ),
  ( 21, 16 ),
  ( 28, 13 ),
  ( 10, 30 ),
  ( 19, 12 ),
  ( 24, 21 ),
  ( 2, 22 ),
  ( 25, 18 ),
  ( 19, 10 ),
  ( 30, 25 ),
  ( 3, 18 ),
  ( 11, 10 ),
  ( 9, 24 ),
  ( 24, 13 ),
  ( 6, 25 ),
  ( 22, 25 ),
  ( 29, 5 ),
  ( 8, 20 ),
  ( 22, 27 ),
  ( 2, 21 ),
  ( 21, 10 ),
  ( 18, 29 ),
  ( 7, 13 ),
  ( 19, 6 ),
  ( 24, 26 ),
  ( 5, 27 ),
  ( 17, 6 ),
  ( 27, 6 ),
  ( 4, 15 ),
  ( 26, 4 );

INSERT INTO user_authorities ( user_seq, authorities )
VALUES
  ( 24, 'USER' ),
  ( 19, 'STAFF' ),
  ( 30, 'STAFF' ),
  ( 12, 'USER' ),
  ( 16, 'STAFF' ),
  ( 26, 'ADMIN' ),
  ( 1, 'USER' ),
  ( 27, 'ADMIN' ),
  ( 7, 'DEVELOPER' ),
  ( 8, 'USER' ),
  ( 8, 'USER' ),
  ( 18, 'STAFF' ),
  ( 13, 'USER' ),
  ( 23, 'STAFF' ),
  ( 14, 'DEVELOPER' ),
  ( 2, 'DEVELOPER' ),
  ( 5, 'STAFF' ),
  ( 14, 'DEVELOPER' ),
  ( 14, 'STAFF' ),
  ( 15, 'ADMIN' ),
  ( 13, 'USER' ),
  ( 20, 'STAFF' ),
  ( 26, 'ADMIN' ),
  ( 26, 'DEVELOPER' ),
  ( 17, 'USER' ),
  ( 19, 'USER' ),
  ( 20, 'STAFF' ),
  ( 2, 'STAFF' ),
  ( 1, 'DEVELOPER' ),
  ( 21, 'STAFF' ),
  ( 18, 'STAFF' ),
  ( 14, 'STAFF' ),
  ( 23, 'USER' ),
  ( 3, 'STAFF' ),
  ( 21, 'USER' ),
  ( 16, 'ADMIN' ),
  ( 2, 'STAFF' ),
  ( 8, 'USER' ),
  ( 26, 'DEVELOPER' ),
  ( 14, 'USER' ),
  ( 10, 'USER' ),
  ( 5, 'USER' ),
  ( 3, 'USER' ),
  ( 3, 'STAFF' ),
  ( 7, 'ADMIN' ),
  ( 1, 'USER' ),
  ( 21, 'DEVELOPER' ),
  ( 9, 'ADMIN' ),
  ( 13, 'DEVELOPER' ),
  ( 21, 'DEVELOPER' );